compagny,ticker
APPLE,AAPL
NVIDIA,NVDA
MICROSOFT,MSFT
META PLATFORMS,META
ALPHABET,GOOG
TESLA,TSLA
ALPHABET,GOOG
BROADCOM,AVGO
BERKSHIRE HATHAWAY,BRK-B
UNITEDHEALTH,UNH
EXXON MOBIL,XOM
VISA,V
MASTERCARD,MA
COSTCO WHOLESALE,COST
HOME DEPOT,HD
WALMART,WMT
NETFLIX,NFLX
NOVO NORDISK,NVO
BANK OF AMERICA,BAC
SALESFORCE,CRM
ABBVIE,ABBV
ORACLE,ORCL
CHEVRON,CVX
ASML HLDG,ASML
SAP,SAP
CISCO SYSTEMS,CSCO
ADOBE,ADBE
ACCENTURE,ACN
NESTLE,NESN.SW
ADVANCED MICRO DEVICES,AMD
PEPSICO,PEP
SERVICENOW,NOW
IBM,IBM
PHILIP MORRIS INTL,PM
ABBOTT LABORATORIES,ABT
ASTRAZENECA,AZN
NOVARTIS,NVS
GE AEROSPACE,GE
SHELL,SHEL
ROCHE HOLDING GENUSS,
CATERPILLAR,CAT
THERMO FISHER SCIENTIFIC,TMO
INTUITIVE SURGICAL,ISRG
GOLDMAN SACHS,GS
VERIZON COMMUNICATIONS,VZ
TEXAS INSTRUMENTS,TXN
INTUIT,ISRG
TOYOTA MOTOR,TM
ROYAL BANK OF CANADA,RY.TO
BOOKING HOLDINGS,BKNG
QUALCOMM,QCOM
AMERICAN EXPRESS,AXP
LVMH MOET HENNESSY,LVMUY
COMMONWEALTH BANK OF AUS,CBA.AX
RTX,RTX
MORGAN STANLEY,MS
NEXTERA ENERGY,NEE
PROGRESSIVE,PGR
DANAHER,DHR
BLACKROCK,BLK
AMGEN,AMGN
EATON CORP PLC,ETN
HONEYWELL INTERNATIONAL,HON
UNION PACIFIC,UNP
PFIZER,PFE
SIEMENS,SIE.DE
APPLIED MATERIALS,AMAT
TJX COMPANIES,TJX
BLACKSTONE,BX
SCHNEIDER ELECTRIC,SU.PA
SHOPIFY,SHOP
UBER TECHNOLOGIES,UBER
PALANTIR TECHNOLOGIES,PLTR
STRYKER,SYK
CITIGROUP,C
BOSTON SCIENTIFIC,BSX
MITSUBISHI UFJ FIN,MUFG
PALO ALTO NETWORKS,PANW
FISERV,FISV
AUTOMATIC DATA PROCESS,ADP
TOTALENERGIES,TTE
CONOCOPHILLIPS,COP
SONY GROUP,SONY
VERTEX PHARMACEUTICALS,VRTX
ALLIANZ,ALV.DE
STARBUCKS,SBUX
GILEAD SCIENCES,GILD
MICRON TECHNOLOGY,MU
HITACHI,HTCI.NE
LOCKHEED MARTIN,LMT
CHUBB,CB
MEDTRONIC PLC,MDT
BOEING CO,BA
SANOFI,SNY
ARISTA NETWORKS,ANET
DEUTSCHE TELEKOM,DTE.DE
ANALOG DEVICES,ADI
PROLOGIS,PLD
UBS,UBS
INTEL,INTC
UNITED PARCEL SERVICE,UPS
ALTRIA,MO
AMERICAN TOWER,AMT
MERCADOLIBRE,MELI
AIR LIQUIDE,AI.PA
TRANE TECHNOLOGIES,TT
LAM RESEARCH,LRCX
THE CIGNA,CI
ELEVANCE HEALTH,ELV
GE VERNOVA,GEV
RECRUIT HOLDINGS CO,6098.T
ENBRIDGE,ENB
EQUINIX,EQIX
NIKE,NKE
INTERCONTINENTAL EXCH,ICE
WASTE MANAGEMENT,WM
ZURICH INSURANCE,ZURN.SW
PARKER HANNIFIN,PH
DUKE ENERGY,DUK
ABB LTD,ABBN.SW
AMPHENOL,APH
CSL,CSL
SUMITOMO MITSUI FINL,
MONDELEZ INTERNATIONAL,MDLZ
WELLTOWER INC,WELL
CHIPOTLE MEXICAN GRILL,CMG
AIRBUS,AIR.PA
PNC FINL SERVICES,
SYNOPSYS,SNPS
CADENCE DESIGN SYSTEMS,CDNS
CROWDSTRIKE,CRWD
IBERDROLA,IBE.MC
KLA CORPORATION,KLAC
PAYPAL HOLDINGS,PYPL
CME,CME
US BANCORP,1USB.MI
CONSTELLATION ENERGY,CEG
KEYENCE,KYCCF
SAFRAN,SAF.PA
MOTOROLA SOLUTIONS,MSI
CINTAS,CTAS
BROOKFIELD,BEPC
ILLINOIS TOOL WORKS,ITW
REGENERON PHARMACEUTICAL,REGN
MCKESSON,MCK
MARVELL TECHNOLOGY,MRVL
AIA,AIA
ZOETIS,ZTS
BP,BP
NATIONAL AUSTRALIA BANK,NAL0.MU
AON PLC,AON
EMERSON ELECTRIC CO,EMR
EOG RESOURCES,EOG
BRITISH AMERICAN TOBACCO,BTI
CVS HEALTH,CVS
FIN RICHEMONT NAMEN,
WESTPAC BANKING,WBC.AX
CAPITAL ONE FINANCIAL,COF
SPOTIFY TECHNOLOGY,SPOT
ESSILORLUXOTTICA,EL.PA
BANCO SANTANDER,SAN
WILLIAMS COS,WMB
CSX,CSX
TRANSDIGM GROUP INC,TDG
FEDEX,FDX
CANADIAN NAT RESOURCES,CNQ.TO
APOLLO GLOBAL MGMT,
GSK,GSK
TOKIO MARINE HOLDINGS,TKOMY
BANK NOVA SCOTIA,BNS
CP KANSAS CITY,
MARRIOTT INTERNATIONAL,MAR
MUENCHENER RUECKVERSICH,0KFE.IL
BANK MONTREAL,
APPLOVIN,APP
HERMES INTERNATIONAL,HESAY
AUTODESK,ADSK
NORTHROP GRUMMAN,NOC
LONDON STOCK EXCHANGE,LS4C.DE
CONSTELLATION SOFTWARE,CSU.TO
ONEOK,OKE
TOKYO ELECTRON,8035.T
DIAGEO,DEO
GENERAL DYNAMICS,GD
BECTON DICKINSON,BDX
MICROSTRATEGY,MIGA.MU
FAST RETAILING CO,6288.HK
TRUIST FINANCIAL,TFC
HCA HOLDINGS,HCA
DIGITAL REALTY TRUST,DLR
ECOLAB,ECL
FORTINET,FTNT
CARRIER GLOBAL,CARR
FREEPORT MCMORAN,FCX
NORFOLK SOUTHERN,NSC
HILTON WORLDWIDE,HLT
AXA,CS.PA
SCHLUMBERGER,SCL.DU
DBS GROUP HOLDINGS,D05.SI
GENERAL MOTORS,GM
AIRBNB,ABNB
CANADIAN IMPERIAL BANK,CM.TO
PACCAR,PCAR
AFLAC,AFL
NATIONAL GRID,NGG
ANZ GROUP HOLDINGS,ANZGY
ROPER TECHNOLOGIES,ROP
INDITEX,ITXN.MX
BNP PARIBAS,0P00007ZH9
BANK NEW YORK MELLON,
SIMON PROPERTY,SPG
ROYAL CARIBBEAN,RCL
SEMPRA ENERGY,SRE
MIZUHO FINANCIAL,MFG
CANADIAN NATL RAILWAY,
FAIR ISAAC,FICO
TARGET,TGT
TRADE DESK,TTD
UNITED RENTALS,URI
ITOCHU,8001.T
WORKDAY,WDAY
ENEL,ENEL.MI
COMPASS,CMPX
COINBASE GLOBAL,COIN
AMERIPRISE FINANCIAL,AMP
NINTENDO CO,NTDOY
KINDER MORGAN P,
MANULIFE FINANCIAL,MFC
MITSUBISHI,MUFG
VISTRA ENERGY,0V6.SG
UNICREDIT,UCG.MI
COPART,CPRT
PUBLIC STORAGE,PSA
DOORDASH,DASH
SOFTBANK GROUP,SFTBY
INTESA SANPAOLO,ISP.MI
ALLSTATE,ALL
PROSUS N,PRX.AS
MACQUARIE,MQDB.AX
BBVA,BBVA
AUTOZONE,AZO
AMERICAN ELECTRIC POWER,AEP
MARATHON PETROLEUM,MPC
WESFARMERS,WES.AX
METLIFE,MET
VINCI,DG.PA
DAIICHI SANKYO CO,DSNKY
HOLCIM,HCMLY
CUMMINS,CMI
SNOWFLAKE,SNOW
ROSS STORES,ROST
QUANTA SERVICES,PWR
TC ENERGY CORPORATION,TRP.TO
REALTY INCOME,O
CHENIERE ENERGY,LNG
ING GROEP,INGA.AS
SUNCOR ENERGY,SU
WASTE CONNECTIONS,WCN
DOMINION ENERGY,D
BLOCK,XYZ
GLENCORE,GLEN.L
BAE SYSTEMS,BA.L
KDDI,DIP0.DU
AMERICAN INTL,
NEWMONT,NEM
FASTENAL CO,FAST
REPUBLIC SERVICES,RSG
BARCLAYS,BARC.L
PAYCHEX,PAYX
MSCI,MSCI
MITSUBISHI HEAVY IND,MHVYF
PUBLIC SERVICE ENT,PEG
VERTIV HOLDINGS,VRT
INVESTOR,OHI
FIDELITY NATL INFO SVCS,
CROWN CASTLE,CCI
KENVUE,KVUE
PRUDENTIAL FINANCIAL,PRU
DISCOVER FINANCIAL,
AMETEK,AME
TE CONNECTIVITY,TEL
HOWMET AEROSPACE,HWM
AXON ENTERPRISE,AXON
DELL TECHNOLOGIES,DELL
VALERO ENERGY,VLO
HOYA,DE000SLA5YU0.SG
ADVANTEST,ATEYY
CENCORA,COR
CORTEVA,CTVA
SWISS RE,SREN.SW
ALCON,ALC
EXPERIAN,EXPN.L
OLD DOMINION FREIGHT,ODFL
DANONE,BN.PA
FORD MOTOR CO,F
DATADOG,DDOG
BAKER HUGHES CO,BKR
LONZA,LONN.SW
EDWARDS LIFESCIENCES,EW
CBRE,CBRE
TAKEDA PHARMACEUTICAL,TAK
ALIMENTATION COUCHE,ATD.TO
FERGUSON ENTERPRISES,FERG
DSV,DSV.TO
RECKITT BENCKISER,RKT.L
DEUTSCHE BOERSE,DB1.DE
GOODMAN,GMG.AX
TARGA RESOURCES,TRGP
AGNICO EAGLE MINES,AEM
ATLAS COPCO,ACO4.F
SEA A ADR,
VERISKNALYTICS,
INFINEON TECHNOLOGIES,IFX.DE
KROGER CO,KR
ELECTRONIC ARTS,EA
LENNAR,LEN
LLOYDS BANKING,LLOY.L
MERCEDES BENZ GROUP ,MBG.DE
OTIS WORLDWIDE,OTIS
HESS,HESM
OCBC BANK,O39.SI
GIVAUDAN,GIVN.SW
GARTNER,IT
MONSTER BEVERAGE,MNST
COGNIZANT TECH SOLUTIONS,CTSH
XCEL ENERGY,XEL
BASF,BAS.DE
EXELON,EXC
WOLTERS KLUWER,WKL.AS
SIKA,SKR.BK
CORNING,GLW
HONDA MOTOR CO,HMC
YUM BRANDS,YUM
AGILENT TECHNOLOGIES,A
VOLVO,VOLCAR-B.ST
CONSTELLATION BRANDS,STZ
VULCAN MATERIALS CO,VMC
ANGLO AMERICAN,NGL0.F
ARCH CAPITAL,ACGL
ADIDAS,ADS.DE
HP,HP
GE HEALTHCARE TECH,GEHC
KEURIG DR PEPPER,KDP
SYSCO,SYY
DEUTSCHE POST,DHL.DE
MICROCHIP TECHNOLOGY,MCHP
RESMED,RMD
IQVIA HOLDINGS,IQV
GENERAL MILLS,GIS
NUCOR,NUE
MARTIN MARIETTA MATRLS,
EXTRA SPACE STORAGE,EXR
IRON MOUNTAIN,IRM
HALEON,HLN
ARGEN X,
HARTFORD FINANCIAL SVCS,
SOFTBANK,SFTBY
LULULEMON ATHLETICA,LULU
NASDAQ,NQ=F
HUBSPOT,HUBS
HUMANA,HUM
SUN LIFE FINANCIAL,SLF.TO
WABTEC,WB2.SG
CONSOLIDATED EDISON,ED
DUPONT DE NEMOURS,DD
VEEVA SYSTEMS,VEEV
ASHTEAD,Y9R.F
NATWEST,NWG
IDEXX LABORATORIES,IDXX
UNITED OVERSEAS BANK,U11.SI
INTACT FINANCIAL,IFC.TO
VICI PROPERTIES,VICI
EDISON INTERNATIONAL,EIX
ARES MANAGEMENT,ARES
ROCKWELL AUTOMATION,ROK
DIAMONDBACK ENERGY,FANG
AVALONBAY COMMUNITIES,AVB
ENTERGY,ETR
NATIONAL BANK OF CANADA,NA.TO
JAPAN TOBACCO,JATA.F
RAYMOND JAMES FINANCIAL,RJF
COSTAR,CSGP
GARMIN,GRMN
FIFTH THIRD BANCORP,FITB
ALNYLAM PHARMACEUTICALS,ALNY
ENI,ENI.MI
SIEMENS ENERGY,ENR.DE
WILLIS TOWERS WATSON,WTW
WEC ENERGY,WEC
EQUIFAX,EFX
PARTNERS GROUP HOLDING,PGHN.SW
EBAY,EBAY
DAIKIN INDUSTRIES,6367.T
MITSUBISHI ELECTRIC,6503.T
AHOLD DELHAIZE,ADRNY
OCCIDENTAL PETROLEUM,OXY
ADYEN NV,1N8U.DU
CENTENE,CNC
AMADEUS IT,AMADY
DEXCOM,DXCM
DOW,DOW
CLOUDFLARE,NET
DEUTSCHE BANK,DBK.DE
BARRICK GOLD,ABX
TEXAS PACIFIC LAND,TPL
ANSYS,
ON SEMICONDUCTOR,ON
CANON INC,CAJPY
XYLEM,XYL
TRACTOR SUPPLY CO,TSCO
TESCO,TSCO.L
NTT,NTTCF
WOODSIDE ENERGY,WDS
GLOBAL PAYMENTS,GPN
KEYSIGHT TECHNOLOGIES,KEYS
ASSA ABLOY,ALZC.HA
DECKERS OUTDOOR,DECK
FUJITSU,FUJ1.HA
CARDINAL HEALTH,CAH
CARVANA,CVNA
STATE STREET,SPY
KRAFT HEINZ CO,KHC
FAIRFAX FINANCIAL,FRFHF
SMURFIT WESTROCK,SW
PPG INDUSTRIES,PPG
DOLLARAMA,DOL.TO
HEWLETT PACKARD ENT CO,HPE
ENGIE,ENGI.PA
NVR,NVR
DOVER,DOV
RHEINMETALL,RHM.DE
WHEATON PRECIOUS METALS,WPM
GODADDY,GDDY
PULTEGROUP,PHM
HALLIBURTON CO,HAL
CHUGAI PHARMACEUTICAL CO,CUP.DU
MONOLITHIC POWER SYSTEMS,MPWR
MURATA MANUFACTURING CO,MRAAF
FORTIVE,FTV
BROADRIDGE FINANCIAL,BR
DENSO,6902.T
ASSICURAZIONI GENERALI,G.MI
TYLER TECHNOLOGIES,TYL
TERUMO,4543.T
AMERICAN WATER WORKS CO,AWK
VERALTO,VLTO
VENTAS,VTR
SYNCHRONY FINANCIAL,SYF
NETAPP,NTAP
HUNTINGTON BANCSHARES,HBAN
METTLER TOLEDO INTL,MTD
EQUITY RESIDENTIAL,EQR
IMPERIAL BRANDS,IMB.L
LEGRAND,LR.PA
TRANSURBAN,TCL.AX
DTE ENERGY,DTE
FANUC,FANUY
EQT,EQT
PPL,PPL
CAMECO,CCJ
STANDARD CHARTERED,STAN.L
THOMSON REUTERS,TRI.TO
WESTERN DIGITAL,WDC
CORPAY,CPAY
AMEREN CORPORATION,AEE
STELLANTIS,STLA
OTSUKA HOLDINGS CO,OTSKY
SMC,SMC
CINCINNATI FINL,
ORIX,IX
CAPGEMINI,CAP.PA
DISCO,WBD
MONGODB,MDB
ASM INTERNATIONAL,ASM.AS
HUBBELL,HUBB
ARISTOCRAT LEISURE,AC8.MU
LPL FINANCIAL HOLDINGS,LPLA
PUBLICIS,PUB.PA
ORIENTAL LAND CO,OLL.HA
SBA COMMUNICATIONS,SBAC
FUJI FILM HOLDINGS CO,
SSE,000001.SS
EMCOR,EME
PTC,PTC
PEMBINA PIPELINE,PBA
KOMATSU,KMTUY
CDW,CDW
WOOLWORTHS,WOW.AX
DEVON ENERGY,DVN
WARNER BROS DISCOVERY,WBD
VONOVIA,VNA.DE
ROBLOX,RBLX
FIRST CITIZENS BANCSHS,
TDK,TTDKY
ATMOS ENERGY,ATO
SWISS LIFE HOLDING,SLW1.F
EXPEDIA,EXPE
WEYERHAEUSER CO,WY
WEST PHARMACEUTICAL SVCS,
FIRSTENERGY,FE
WSP GLOBAL,WSP.TO
PANASONIC HOLDINGS,6752.T
WATERS,WAT
DASSAULT SYSTEMES,DSY.PA
MARKEL,MKL
BIOGEN,BIIB
SUMITOMO,SMO.SG
CGI,GIB
CBOE GLOBAL MARKETS,CBOE
EVERSOURCE ENERGY,NU
NUTRIEN,NTR
ILLUMINA,ILLU
DAI ICHI LIFE HOLDINGS,QHH.DU
SOMPO HOLDINGS,8630.T
ZIMMER BIOMET HOLDINGS,ZBH
PERNOD RICARD,PRNDY
TELEDYNE TECHNOLOGIES,TDY
LIVE NATION ENTMT,
KELLANOVA,
NOKIA,NOK
NORTHERN TRUST,NTRS
PACKAGING CORP OF AMER,PKG
FORTIS,FTS.TO
RENESAS ELECTRONICS,6723.T
MITSUI FUDOSAN CO,MFU.DU
PRUDENTIAL,PRU
MICHELIN,ML.PA
BUILDERS FIRSTSOURCE,BLDR
ATLAS COPCO,ACO4.F
KONINKLIJKE PHILIPS,PHG
CITIZENS FINANCIAL,CFG
MARUBENI,8002.T
SEAGATE TECHNOLOGY,STX
LENNOX INTERNATIONAL,LII
LYONDELLBASELL,LYB
CARLISLE COS,CSL
STERIS,STE
RESTAURANT BRANDS INT,QSR
LEIDOS HOLDINGS,LDOS
CENOVUS ENERGY,CVE
CENTERPOINT ENERGY,CNP
CAIXABANK,0P00017HNT.F
TECK RESOURCES,TECK
STEEL DYNAMICS,STLD
HEINEKEN NV,HNK2.MU
CMS ENERGY,CMS
NRG ENERGY,NRG
BMW STAMM,
SAMPO,SAMPO.HE
ZOOM VIDEO COMM,5ZM.HM
ZEBRA TECHNOLOGIES,ZBRA
CLOROX CO,CLX
NOVONESIS,NVZMF
BROOKFIELD ASSET MAN LTD,BAM
OMNICOM,OMC
DSM FIRMENICH,DSFIRN.MX
DARDEN RESTAURANTS,DRI
RWE STAMM,
EXPAND ENERGY,EXE
VEOLIA ENVIRONNEMENT,VIE.PA
PRINCIPAL FINANCIAL,PFG
LABCORP HOLDINGS,LH
FORTESCUE,FMG.AX
BRIDGESTONE,BRDCY
EQUINOR,EQNR
NEC,NECRX
KAO,2693.HK
ESSEX PROPERTY TRUST,ESS
INVITATION HOMES,INVH
VODAFONE,VOD
COTERRA ENERGY,CTRA
INTERCONTINENTAL HOTELS,IHG
ORANGE,OJ=F
GEBERIT,GEBN.SW
TRANSUNION,TRU
FIRST SOLAR,FSLR
INTERNATIONAL PAPER,IP
AERCAP HOLDINGS NV,R1D.MU
SANDVIK,SANDS.XC
BAYER,BAYN.DE
ROBINHOOD MARKETS,HOOD
UNIVERSAL MUSIC,0VD0.DU
FERROVIAL,FER.MC
LOBLAW,L.TO
DANSKE BANK,DANSKE.CO
ZSCALER,ZS
SOCIETE GENERALE,GLE.PA
MERCK KGAA STAMM,
BOOZLLEN HAMILTON,
WATSCO,WSO
BALL,BALL
QBE INSURANCE,QBE.XA
DRAFTKINGS,DKNG
OLYMPUS,NATO.JK
TEVA PHARMA IND ADR,
AJINOMOTO CO,AJNMY
POWER CORP OF CANADA,POW.TO
LAS VEGAS SANDS,LVS
PINTEREST,PINS
INSULET,PODD
FACTSET RESEARCH SYSTEMS,FDS
TECHTRONIC INDUSTRIES CO,0669.HK
SANDOZ,SDZ.SW
KEYCORP,KEY
ASTELLAS PHARMA,ALPMY
LIBERTY FORMULA ONE,LM0F.MU
CELLNEX TELECOM,4720.F
HOLOGIC,HO1.HA
DNB BANK,D1NC.F
JAPAN POST HOLDINGS CO,1JP.F
BURLINGTON STORES,BURL
TYSON FOODS,TSN
NUTANIX,NTNX
PRYSMIAN,PRY.MI
ERSTE GROUP BANK,EBS.VI
SUPER MICRO COMPUTER,SMCI
OWENS CORNING,OC
QUEST DIAGNOSTICS,DGX
NOMURA HOLDINGS,NMR
NIPPON STEEL,NPSCY
PENTAIR PLC,PNR
BEST BUY CO,BBY
RB GLOBAL,RBA
DAIWA HOUSE INDUSTRY,1925.T
RPM INTL,RPM
TELEFONICA,TEF.MC
MTU AERO ENGINES,MTX.DE
GENUINE PARTS CO,GPC
TERADYNE,TER
RELIANCE,RS
MANHATTAN ASSOCIATES,MANH
TRIMBLE,TRMB
DAIMLER TRUCK HOLDING,DTG.DE
MASCO,MAS
ALEXANDRIA REAL ESTATE,ARE
IDEX,IDXX
STMICROELECTRONICS,STM
JACOBS SOLUTIONS,J
KERING,KER.PA
MOLINA HEALTHCARE,MOH
SONOVA HOLDING,US83569C1027.SG
VOLKSWAGEN VORZUG,
HEXAGON,HEXA-B.ST
DOCUSIGN,DOCU
EXPEDITORS INTL OF WASH,EW1.HA
KIMCO REALTY,KIM
GEN DIGITAL,GEN
ESTEE LAUDER COS,EL
KONE,KNEBV.HE
BRAMBLES,BXBLY
PURE STORAGE,6PU.DU
ULTA BEAUTY,ULTA
HEIDELBERG MATERIALS,HEI.DE
TOAST,TOST
RESONA HOLDINGS,RSHGY
BAXTER INTERNATIONAL,BAX
EVEREST,EG
EAST JAPAN RAILWAY CO,EJPRY
ESSITY,ESSITY-A.ST
SUZUKI MOTOR,SZKMY
SINGAPORE TELECOM,Z74.SI
TOURMALINE OIL,TOU.TO
DYNATRACE,DT
AVERY DENNISON,AVY
FNF,FNF
DOLLAR GENERAL,DG
KBC,KBCA.BR
DOMINOS PIZZA,DPZ
VERISIGN,VRSN
ALLIANT ENERGY,LNT
AVIVA,AV.L
HEICO,HEI
ALIGN TECHNOLOGY,ALGN
LOEWS,L
SWEDBANK,SWED-A.ST
COLES,CLEGF
TEXTRON,TXT
UNITED THERAPEUTICS,UTHR
ENTEGRIS,ENTG
TWILIO,TWLO
CF INDUSTRIES HOLDINGS,CF
TRADEWEB MARKETS,TW
COLOPLAST,COLO-B.CO
SUN COMMUNITIES,SUI
AENA,A440.F
CENTRAL JAPAN RAILWAY CO,JAP0.F
SUNCORP,SUN.AX
AECOM,ACM
HANNOVER RUECK,HNR1.DE
VIATRIS,VTRS
HEALTHPEAK PROPERTIES,DOC
SUMITOMO MITSUI TRUST,SUTNY
NIDEC,NIB.MU
EQUITABLE HOLDINGS,EQH
GRACO,GGG
EVOLUTION,EVO.ST
MARATHON OIL,
AEON CO,JUS1.SG
ASAHI GROUP HOLDINGS,ASBRF
JABIL CIRCUIT,JBL
SIEMENS HEALTHINEERS,SHL.DE
AMCOR,AMCR
ROLLINS,ROL
MITSUBISHI ESTATE CO,MITEF
BANK HAPOALIM,BKHPF
EVERGY,EVRG
BUNZL,BNZLL.XC
KONINKLIJKE KPN,KKPNY
SGS,SGSUL.XC
WISETECH GLOBAL,WTC.AX
SWISSCOM,SCMWY
APTIV PLC,APTV
NEXT,NEXT
REPSOL,REP.MC
SVENSKA HANDELSBK,
FRESENIUS,FRE.DE
SYMRISE,SY1.VI
NEW INFORMA,
POOL,POOL
UDR,UDR
COMMERZBANK,CBK.DE
KERRY,KRYPY
AVANTOR,AVTR
VESTAS WIND SYSTEMS,VWS.CO
SECOM CO,9735.T
REVVITY,RVTY
EPAM SYSTEMS,EPAM
CREDIT AGRICOLE,ACA.PA
DOLLAR TREE,DLTR
AKAMAI TECHNOLOGIES,AKAM
ENEOS HOLDINGS,5020.T
SUN HUNG KAI PROPERTIES,0016.HK
STRAUMANN HOLDING,STMN.SW
NORDSON,NDSN
HENKEL VORZUG,
SEKISUI HOUSE,3309.T
CK HUTCHISON HOLDINGS,0001.HK
THALES,HO.PA
SUMITOMO ELECTRIC IND,SMO.SG
SANTOS,STO.AX
SKYWORKS SOLUTIONS,SWKS
MODERNA,MRNA
METRO,CUS=F
CLP HOLDINGS,0002.HK
IMPERIAL OIL,IMO
JAPAN POST BANK CO,5JP0.F
ASICS,7936.T
CAMDEN PROPERTY TRUST,CPT
JULIUS BAER,0P0001QWSZ
CARMAX,KMX
CONAGRA BRANDS,CAG
ZILLOW,Z
COCHLEAR,COH.AX
REGENCY CENTERS,REG
NEUROCRINE BIOSCIENCES,NBIX
HALMA,HLMAL.XC
GENMAB,GMAB.CO
PANDORA,PNDORA.CO
JM SMUCKER CO,JM2.HA
RENTOKIL INITIAL,RTO.L
NORTHERN STAR RESOURCES,NST.AX
BUNGE GLOBAL,BG
BT,BTC-USD
ROGERS COMMUNICATIONS,RCI
BANDAI NAMCO HOLDINGS,N9B.SG
EQUITY LIFESTYLE PPTYS,
SEGRO,S4VC.F
BEIERSDORF,BEID.XD
DAYFORCE,
ALBEMARLE,ALB
BXP,BXP
OKTA,OKTA
CH ROBINSON WORLDWIDE,CHRW
NN,NN
WP CAREY,WPC
SCENTRE,STGPF
CARLYLE,XCPAX
KYOCERA,6971.T
INSURANCE AUSTRALIA,IAG.AX
BIOMARIN PHARMACEUTICAL,BMRN
LOGITECH,LOGI
ALFA LAVAL,ALFVY
DICKS SPORTING GOODS,DKS
EASTMAN CHEMICAL CO,EMN
UNIVERSAL HEALTH SVCS,
KINROSS GOLD,KGC
INCYTE,INCY
ALLEGION,ALLE
SNAP,SNAP
PAYCOM SOFTWARE,PAYC
TOYOTA INDUSTRIES,TAH.HA
HEICO,HEI
SAMSARA,IOT
MAGNA INTERNATIONAL,MG.TO
TFI INTERNATIONAL,TFII.TO
MITSUI OSK LINES,
ORIGIN ENERGY,ORL0.F
JUNIPER NETWORKS,
TERNA,TRNM.XC
ASSURANT,AIZ
NTT DATA GROUP,
KUBOTA,KUBTY
KINGSPAN,KRX.IR
EPIROC,EPI-B.ST
MONCLER SPA,MONC.VI
WPP,WPP
JAPAN EXCHANGE,OSKU.F
SCHINDLER HOLDING PART,
BOC HONG KONG HOLDINGS,2388.HK
INTERPUBLIC GROUP OF COS,
NICE,NICE
INPEX,INPEX
EDP ENERGIAS DE PORTUGAL,ELCPF
ARCELORMITTAL,MT
MOLSON COORSREWING,
LINK REIT,0823.HK
ERIE INDEMNITY CO,ERIE
CROWN HOLDINGS,CCK
NEWS,NMAX
EXACT SCIENCES,EXK.DU
NITTO DENKO,ND50.F
CATALENT,
LAMB WESTON HOLDINGS,LW
NOMURA RESEARCH INST,4307.T
TOYOTA TSUSHO,9TO.DU
GRAB HOLDINGS,GRAB
ARC RESOURCES,ARX.TO
EMERA,EEX
COVESTRO,COVTY
ALLY FINANCIAL,ALLY
SHIMANO,SHM.MU
GFL ENVIRONMENTAL HLD SV,
LEONARDO,DRS
HYDRO ONE,H.TO
COMPUTERSHARE,CPU.AX
ANNALY CAPITAL MGMT,
EQT AB,6EQ.F
KIRIN HOLDINGS CO,KIR.MU
VAT,VATE
AMERICAN FINANCIAL,AFG
SOLVENTUM,SOLV
SYSMEX,SSMXY
ESSENTIAL UTILITIES,WTRG
DELTA AIR LINES,DAL
NEW FOX,
LKQ,LKQ
AIB,AIB
TELSTRA,TLS.AX
CHARLES RIVER LABS INTL,RV6.DU
CAR,CAR
OBIC CO,OBICY
BANCO SABADELL,
KONGSBERG GRUPPEN,KOZ1.F
DESCARTES SYSTEMS,DSGX
ROYALTY PHARMA,RPRX
IVANHOE MINES,IVN.TO
CARLSBERG,CARL.WA
MARKETAXESS,MKTX
AKZO NOBEL,AKZA.AS
STANTEC,STN.TO
HENRY SCHEIN,HSIC
EXOR,EYX.DU
TOKYO GAS CO,TOG.SG
NITORI HOLDINGS CO,NCLTY
FORTUNE BRANDS INNOV,FBIN
ROCHE HOLDING INHABER,
UNITED UTILITIES,UU.L
KONAMI GROUP,KOA.MU
BUREAU VERITAS SA,BVI.PA
QIAGEN,QGEN
SUBARU CORPORATION,FUJHY
ENPHASE ENERGY,ENPH
HORMEL FOODS,HRL
INTERTEK,ITRKL.XC
FIRST QUANTUM MINERALS,FM.TO
FINECOBANK,FBKM.XD
SNAM,0P00016T36
BANCO BPM,BNCZF
AUTO TRADER,ATDRF
PEARSON,PSON.L
SEVERN TRENT,STRN
ASSOCIATED BRITISH FOODS,AFO1.F
MELROSE INDUSTRIES,MRO.L
PAN PACIFIC INTL,DQJCF
WYNN RESORTS,WYNN
GALAXY ENTERTAINMENT,GXYYY
SEI INVESTMENTS CO,SEIC
WARTSILA,MTA.DU
FRESENIUS MEDICAL CARE,FMS
POWER ASSETS HOLDINGS,0006.HK
TELEFLEX,TFX
OBAYASHI,OBA.HA
ASAHI KASEI,AHKSF
BE SEMICONDUCTOR IND,BESI.AS
NORSK HYDRO,NHY.OL
ORSTED,ORSTED.CO
AES,AES
BANK OF IRELAND GROUP ,BIRG.IR
HANG SENG BANK,
TORO CO,TTC
IA FINANCIAL,IAG.TO
ACCOR,AC.PA
DAIWA SECURITIES,DSEEY
LASERTEC,LSRCF
TORAY INDUSTRIES,TOR1.MU
ELEMENT FLEET MANAGEMENT,61F.F
RIVIAN AUTOMOTIVE A ,
EURONEXT,^N100
FUJIKURA,4620.T
REA,6L=F
MGM RESORTS INTL,
PRO MEDICUS,PMCUF
COREBRIDGE FINANCIAL,CRBG
HONGKONG CHINA GAS,HCG.MU
SONIC HEALTHCARE,SKHHY
RAKUTEN,4755.T
ROKU,ROKU
CAPITALAND INTEGRATED,C38U.SI
ISRAEL DISCOUNT BANK,ISDAF
KANSAI ELECTRIC POWER CO,KPO.DU
AEGON,AEG
MOWI,MOWI.OL
APA CORPORATION,APA
IMCD,INX.DU
SWISS PRIME SITE,SU1N.DU
ASX,ASX
BRENNTAG,BNR.DE
ANTOFAGASTA,ANTO.L
CENTRICA,CNA.L
CARREFOUR,CA.PA
ACS ACTIV CONST Y SVCS,
BALOISE HOLDING,HBAN.SW
HEINEKEN HOLDING,HKHHY
STOCKLAND,SGP.XA
YAMAHA MOTOR CO,7272.T
CCL INDUSTRIES,CCL-B.TO
GALDERMA,PY3.F
AGEAS,AGS.BR
SINGAPORE EXCHANGE,S68.SI
WEST JAPAN RAILWAY CO,WJRYF
BOLIDEN,1BOL.MI
ADMIRAL,VFIAX
OPEN TEXT,OTEX
RENAULT,RNO.PA
CELANESE,CE
PAN AMERICAN SILVER,PAAS
BENTLEY SYSTEMS,BSY
CK ASSET HOLDINGS,1113.HK
HUNTINGTON INGALLS IND,HII
SCA,SCAN.V
DAVITA HEALTHCARE PARTNR,
EDENRED,QSV.F
CAPCOM CO,CCOEY
HENKEL STAMM,
GALP ENERGIA SGPS,GLPEY
LY CORPORATION,YAHOY
TRYG,TRYGBP=X
OSAKA GAS CO,OSGSY
SMITHS,SNWS.L
ISUZU MOTORS,7202.T
EISAI CO,ESAIY
ALSTOM,ALO.PA
MAKITA,MK2A.F
GEA,GEA.WA
TELUS CORP VTG,
DELIVERY HERO,DHER.F
KEYERA,KEY.TO
MITSUBISHI CHEMICAL,4188.T
KIKKOMAN,KIK.MU
THE LOTTERY CORPORATION,TLC.XA
ASR NEDERLAND,ASRNLA.XD
SHISEIDO CO,SHDA.F
FUJI ELECTRIC CO,6504.T
SODEXO,SDXOF
CAE,CAE
ALBERTSONS COMPANIES,ACI
AP MOLLER MAERSK,MAERAC.XD
BARRATT REDROW,BTRWL.XC
WISE,WISE
MEDIOBANCA,0P0001O1TG.F
REDEIA,RED.MC
KEPPEL,BN4.SI
CAPITALAND ASCENDAS REIT,A17U.SI
ALTAGAS,ALA.TO
TELENOR,TEL.OL
TAISEI,1904.T
ADDTECH,ADDT-B.ST
CONTINENTAL,CON.DE
ASPEN TECHNOLOGY,
AUCKLAND INTL AIRPORT,BZTA.F
HYATT HOTELS,H
SAAB,SAAB-B.ST
PORSCHE VORZUG,
ABN AMRO BANK,ABNA.XC
GILDAN ACTIVEWEAR,GIL
MIZRAHI TEFAHOT BANK,MZTFF
KAJIMA,KAJMF
SINGAPORE AIRLINES,C6L.SI
ZALANDO,ZAL.DE
TREND MICRO,4704.T
INFRATIL,IFT340.NZ
ENDESA,ELEE.XC
INDUTRADE,I1M.MU
DAIFUKU CO,891.F
LEG IMMOBILIEN,1LEG.MI
ELBIT SYSTEMS,ESLT
HF SINCLAIR,DINO
TRELLEBORG,TREL-B.ST
TELIA CO,TELIA1.HE
LIFCO,LFABF
SKANSKA,SKA-B.ST
CHUBU ELECTRIC POWER CO,9502.T
VIVENDI,0IIF.IL
FORTUM,FORTUM.HE
TOROMONT INDUSTRIES,TIH.TO
WH,WH
SHIMADZU,7701.T
MEDIBANK PRIVATE,MPL.XA
EUROFINS SCIENTIFIC,ERF.PA
SBI HOLDINGS,8473.T
SGH,SGHC
DAITO TRUST CONSTRUCTION,1878.T
ZEALAND PHARMA,ZEAL.CO
WHITBREAD,WTBDY
EIFFAGE,FGR.PA
SCHINDLER HOLDING NAMEN,
QORVO,QRVO
ELISA,ELISA.HE
JFE HOLDINGS,JFEEF
LUNDIN MINING,LUMI.ST
WALGREENS BOOTS ALLIANCE,
AKER BP,AKRBP.OL
FRANKLIN RESOURCES,BEN
KLEPIERRE,LI.PA
NIBE INDUSTRIER,NIBE-B.ST
BLUESCOPE STEEL,BSL.AX
HELVETIA HOLDING,HELNF
POSTE ITALIANE,PST.MI
TOKYU,8957.T
NIPPON BUILDING FUND,8951.T
SPIRAX,1LNB.HA
ORKLA,ORK.OL
SKF,SKF
NESTE CORPORATION,NESTE.HE
NIPPON PAINT HOLDINGS CO,4612.T
TOPPAN HOLDINGS,7911.T
NEW FOX,
EPIROC,EPI-B.ST
HANKYU HANSHIN HOLDINGS,HYUHF
ENTAIN,GMVHY
CONCORDIA FINANCIAL,YC3.MU
SIG,SIG
SEEK,SEEK
YASKAWA ELECTRIC,YEC0.F
SANDS CHINA,1928.HK
SUMITOMO METAL MINING CO,S19.F
SECURITAS,SECU-B.ST
SEKISUI CHEMICAL CO,4204.T
APA,APA
TREASURY WINE ESTATES,TWE.AX
NEMETSCHEK,NEM.DE
SARTORIUS VORZUG,
RICOH CO,7752.T
AGC,AGCO
BPER BANCA,BPEM.XC
IDEMITSU KOSAN CO,IDKOF
REXEL,RXL.PA
CRODA INTERNATIONAL,CRDA.L
OMV AG,OMV.F
GPT,GPT
DAI NIPPON PRINTING CO,DNPLY
MITSUBISHI HC CAPITAL,5B4.HA
KINGFISHER,9700.F
TAYLOR WIMPEY,TW.L
MINEBEA MITSUMI,MEA.HA
NISSAN MOTOR CO,7201.T
ZENSHO HOLDINGS CO,ZSHOF
RECORDATI,RER1.MU
ORICA,ICA.MU
OMRON,OMR1.MU
CANADIAN TIRE,CTC-A.TO
STORA ENSO R,SSSTER.FGI
GROUPE BRUXELLES LAMBERT,GBLBY
BEIJER REF,0A0H.IL
BOUYGUES,BYG.HA
AISIN,7259.T
MIRVAC,MRVGF
OTSUKA,OTSKY
SARTORIUS STEDIM BIOTECH,DIM.PA
KESKO,KESKOB.HE
VICINITY CENTRES,C98.F
BERKELEY GRP,
SYENSQO,SHBBF
LAND SECURITIES,LSU2.HA
TOKYO ELECTRIC POWER CO ,TPO.F
PORSCHE AUTOMOBIL VZG,
JERONIMO MARTINS SGPS,JRONF
MTR,MTR
TALANX,TLX.DE
CTS EVENTIM,EVD.DE
VERBUND,AT0000A36CU3.VI
WEST FRASER TIMBER,WFG
SWEDISH ORPHAN BIOVITRUM,SOBI.ST
METSO CORPORATION,0MGI.IL
BARRY CALLEBAUT,BCLM.F
SINGAPORE TECH ENGR,
SWATCH GROUP INH,
INDUSTRIVARDEN,0MHU.IL
SEIKO EPSON CORPORATION,6724.T
YOKOGAWA ELECTRIC,YKE.F
NISSIN FOODS HOLDINGS CO,NF2.F
ONEX,ONEX.TO
PERSIMMON,PSN.L
TELEPERFORMANCE,TEPP.XC
TIS,KPT.TO
YAKULT HONSHA CO,YKH.F
PUMA,PUM.DE
KAWASAKI KISEN KAISHA,9107.T
WESTLAKE CORPORATION,WLK
GETLINK,GETP.XC
NIPPON SANSO HOLDINGS,NPXYY
DENTSU,DEN0.F
MEIJI HOLDINGS CO,3M00.F
LOTUS BAKERIES,7LB.F
VOLVO,VOLCAR-B.ST
FASTIGHETS ABALDER,
HARGREAVES LANSDOWN,
YANGZIJIANG SHIPBUILD,BS6.SI
RATIONAL,RAAD.XC
SOUTHWEST AIRLINES CO,LUV
SAGAX,SAGAX
CAPITALAND INVESTMENT,5NU.F
SCREEN HOLDINGS CO,DINRF
UNIPOL GRUPPO FINAN,
FUTU HOLDINGS A ADR,
JAPAN REAL ESTATE INV,JUA.HA
RAMSAY HEALTH CARE,RHCPA.AX
MEG ENERGY,
SAPUTO,SAP.TO
MERIDIAN ENERGY,MEZ.XA
RANDSTAD NV,RSH.MU
EVONIK INDUSTRIES,EVK.DE
YARA INTERNATIONAL,YARIY
NEXON CO,NEXOY
HKT TRUST AND HKT,6823.HK
AP MOLLER MAERSK,MAERAC.XD
GECINA,GFC.PA
TOHO CO,8142.T
HENDERSON LAND DEV,0012.HK
WHARF REAL ESTATE INV,4WF.F
PHOENIX GROUP HOLDINGS,SSPHNX.FGI
DIETEREN,DIEB.XD
CHIBA BANK,CHBAY
QANTAS AIRWAYS,QAN.XA
BOLLORE,BOP.MU
ADECCO,1ADEN.MI
CK INFRASTRUCTURE,1038.HK
ENDEAVOUR,EXK
ARKEMA,ARKAY
WILMAR INTERNATIONAL,RTH.F
IPSEN,IPN.PA
BROOKFIELD RENEWABLE,BEPC
HOSHIZAKI,HS00.F
BIOMERIEUX,BIM.PA
MONOTARO CO,6XQ.F
ZOZO,SAR.MU
ONO PHARMACEUTICAL CO,ON40.MU
INPOST,LU2290522684.SG
BROTHER INDUSTRIES,BI5.HA
HIKMA PHARMACEUTICALS,HIK.L
LA FRANCAISE DES JEUX,FDJ.VI
ADP,ADP
INDUSTRIVARDEN,0MHU.IL
EMPIRE CO,HEALTH.BK
MITSUI CHEMICALS,4183.T
KYOWA KIRIN CO,KY4.HA
JAPAN POST INSURANCE CO,7181.T
WAREHOUSES DE PAUW,WPHB.F
LUFTHANSA,LHA.F
AMUNDI,0P0001KRJP.TW
DASSAULT AVIATION,AM.PA
ROCKWOOL,ROCK-B.CO
MINERAL RESOURCES,TMRC
ORACLE CORP JAPAN,OCJ.DU
HIKARI TSUSHIN,HKTGF
SHIZUOKA FINANCIAL,P2U.HA
SINO LAND,SNLAF
TOTO,TOTO.JK
REECE,REH.XA
BMW VORZUG,
LATOUR INVESTMENT,LATO-B.ST
LUNDBERGFORETAGEN,LUNDBS.XC
ICL,ICL
EDP RENOVAVEIS,EDW.F
QUEBECOR,QBR-B.TO
BKW,BKW.SW
TEMENOS,TMSNY
SOFINA,8FS.HA
KOBE BUSSAN CO,KOBNF
GJENSIDIGE FORSIKRING,GJFO.XC
SITC INTL HOLDINGS,
GETINGE,GETI-B.ST
GENTING SINGAPORE,G13.SI
AZRIELI,AZRG.TA
SEMBCORP INDUSTRIES,U96.SI
INFRASTRUTTURE WIRELESS,INWM.XC
PARKLAND,
CANADIAN UTILITIES,UTES.TO
AVOLTA,AVOL.SW
SWIRE PACIFIC,SWI0.MU
SALMAR,SALMO.OL
DEMANT,WDH1.MU
GRIFOLS,GRFS
JD SPORTS FASHION,JDSPY
SCHRODERS,0P0000P14B
ACCIONA,ANE.MC
AIR CANADA VV,
SG HOLDINGS CO,SGHDY
AMPLIFON,AMP.MI
EURAZEO,RF.PA
COVIVIO,COV.PA
BANQUE CANTONALE VAUDOIS,0ACP.L
SCSK,SCSKF
ANA HOLDINGS,1977.HK
NEXI,NEXI
HOLMEN,HL9D.F
MERCURY NZ,MCY.NZ
IGM FINANCIAL,IGM.TO
BECHTLE,BC8.DE
ELIA,0NTU.IL
CLARIANT,CLNZ.XC
CANADIAN APT PPTYS REIT,
BACHEM HOLDING,BHM0.SG
DIASORIN,34D.HA
TELECOM ITALIA,TIT.VI
CARL ZEISS MEDITEC,0DHC.IL
JDE PEETS,JDEP.AS
HITACHI CONST MACHINERY,HCM.SG
SEB,SEB
JAPAN AIRLINES CO,9201.T
KOKUSAI ELECTRIC,69B.MU
BCE INC,BCE.TO
